Column file,columns=27,rows=1,generated by singlesine_save_results, , , , , , , , , , , , , , , , , , , , , , , 
0,0,0,0,0,0,0,0,0,0,0,0,0,0,0,0,0,0,0,0,0,0,0,0,0,0,0
0,0,0,0,0,0,0,0,0,0,0,0,0,0,0,0,0,0,0,0,0,0,0,0,0,0,0
Name,Amplitude,MWpulse1,MWpulse2,MWpulse3,MWpulse4,Phase,QGesamt1,QGesamt2,QGesamt3,QGesamt4,Qpulse1,Qpulse2,Qpulse3,Qpulse4,Qrest1,Qrest2,Qrest3,Qrest4,maxPulse1,maxPulse2,maxPulse3,maxPulse4,maxRest1,maxRest2,maxRest3,maxRest4
csvDateien_K/Messung_060_TD_y_1.csv,18.298050964922002,0.003959971055603486,1.2490009027033011e-17,0.003907975047452129,-1.2647660696529783e-17,183.28755699474706,6.937799994395482,6.926489374468263,26.157296052480223,26.154376576156086,7.123837884449971,7.01166922939984,25.278526821106347,25.247964713229777,6.896290700178977,6.9076507677348,26.34627366378372,26.349171878005933,19.364633518787855,18.968636413227507,79.80385401533567,79.41305651059045,21.28840202115731,21.684399126717658,104.92925798659894,82.47789441939966
